ws,7
ws1,8.244963654342289
ws2,7.536352646323788
ws3,7.652821111904631
ws4,7.557050836742145
ws5,7.5217185846024925
ws6,7.5217185846024925
ws7,7.515772053893331
